{"pion": 0.49141499400138855, "proton": 0.4303145110607147, "kaon": 0.45793765783309937, "antipion": 0.4490644335746765, "antiproton": 0.47723937034606934, "antikaon": 0.5203395485877991}